국가명,1월,2월,3월,4월,5월,6월,7월,8월,9월,10월,11월,12월,연도,기후대,차량 구분,분류,총수출량,차종,GDP,대표 차량 구분,차량 구분.1,차종 구분
동유럽,846,1037,1203,1385,1319,1469,1186,1054,1112,1162,1294,2034,2021,한랭,소형차,일반 차량,15101,i20,25.0,소형차,소형차,소형차
동유럽,1950,2401,2792,3192,3058,3383,2743,2433,2575,2692,2984,4693,2021,한랭,상업용차,일반 차량,34896,Mighty,25.0,상업용차,상업용차,상업용차
동유럽,2411,2974,3450,3949,3777,4192,3387,3005,3185,3325,3692,5800,2021,한랭,SUV,일반 차량,43147,Tucson,25.0,SUV,SUV,SUV
동유럽,3737,4598,5340,6110,5847,6480,5249,4652,4932,5150,5710,8979,2021,한랭,소형차,일반 차량,66784,PV,25.0,소형차,소형차,소형차
동유럽,8466,10424,12099,13863,13269,14699,11896,10546,11181,11668,12944,20355,2021,한랭,전기차,일반 차량,151410,GV70 EV,25.0,전기차,전기차,전기차
동유럽,1025,1263,1466,1677,1602,1779,1439,1276,1352,1413,1569,2466,2021,한랭,소형차,일반 차량,18327,HB20,25.0,소형차,소형차,소형차
동유럽,3788,4664,5415,6206,5934,6578,5323,4719,5005,5222,5795,9111,2021,한랭,상업용차,일반 차량,67760,Porter,25.0,상업용차,상업용차,상업용차
동유럽,5150,6345,7363,8430,8074,8947,7235,6422,6802,7100,7879,12387,2021,한랭,전기차,일반 차량,92134,Santa Fe HEV,25.0,전기차,전기차,전기차
동유럽,239,299,344,396,374,418,336,299,321,328,366,577,2021,한랭,전기차,일반 차량,4297,IONIQ6,25.0,전기차,전기차,전기차
동유럽,5042,6204,7207,8248,7898,8750,7079,6276,6657,6944,7707,12114,2021,한랭,소형차,일반 차량,90126,Accent,25.0,소형차,소형차,소형차
동유럽,884,1085,1259,1440,1378,1531,1238,1099,1162,1218,1349,2122,2021,한랭,소형차,일반 차량,15765,Creta,25.0,소형차,소형차,소형차
동유럽,1502,1017,808,1064,1219,1240,1449,1145,916,1092,1037,1206,2022,한랭,소형차,일반 차량,13695,i10,25.0,소형차,소형차,소형차
동유럽,1510,1025,815,1073,1227,1251,1462,1154,920,1098,1050,1211,2022,한랭,소형차,일반 차량,13796,Santa-Fe,25.0,소형차,소형차,소형차
동유럽,7083,4813,3818,5018,5746,5861,6851,5404,4327,5149,4894,5687,2022,한랭,소형차,일반 차량,64651,i20,25.0,소형차,소형차,소형차
동유럽,4286,2913,2311,3036,3480,3550,4144,3266,2620,3117,2966,3445,2022,한랭,소형차,일반 차량,39134,NX4m,25.0,소형차,소형차,소형차
동유럽,1049,713,562,742,856,871,1014,799,642,763,728,842,2022,한랭,소형차,일반 차량,9581,Creta,25.0,소형차,소형차,소형차
동유럽,2402,1632,1296,1700,1944,1990,2327,1830,1463,1747,1662,1930,2022,한랭,소형차,일반 차량,21923,HTBC,25.0,소형차,소형차,소형차
동유럽,1862,1263,1006,1318,1509,1543,1801,1420,1134,1352,1290,1495,2022,한랭,소형차,일반 차량,16993,HB20,25.0,소형차,소형차,소형차
동유럽,10030,6817,5408,7107,8134,8299,9699,7653,6120,7289,6932,8050,2022,한랭,SUV,일반 차량,91538,Tucson,25.0,SUV,SUV,SUV
동유럽,6021,4085,3244,4269,4885,4980,5821,4590,3679,4373,4163,4832,2022,한랭,소형차,일반 차량,54942,Elantra,25.0,소형차,소형차,소형차
동유럽,3663,4449,3760,5649,5447,5259,5171,4871,3768,4806,4579,3939,2023,한랭,소형차,일반 차량,55361,CV,25.0,소형차,소형차,소형차
동유럽,2544,3084,2609,3918,3786,3655,3597,3385,2616,3333,3179,2733,2023,한랭,전기차,일반 차량,38439,Ioniq5,25.0,전기차,전기차,전기차
동유럽,945,1142,962,1452,1400,1348,1331,1254,969,1236,1176,1012,2023,한랭,소형차,일반 차량,14227,Elantra,25.0,소형차,소형차,소형차
동유럽,132,162,139,206,198,191,191,176,139,176,169,146,2023,한랭,소형차,일반 차량,2025,i10,25.0,소형차,소형차,소형차
동유럽,585,708,598,902,867,839,825,777,598,764,729,626,2023,한랭,소형차,일반 차량,8818,BHMC,25.0,소형차,소형차,소형차
동유럽,1704,2065,1745,2619,2527,2444,2401,2258,1745,2233,2124,1830,2023,한랭,소형차,일반 차량,25695,Creta,25.0,소형차,소형차,소형차
동유럽,1630,1979,1671,2515,2425,2345,2304,2165,1679,2142,2037,1752,2023,한랭,상업용차,일반 차량,24644,Porter,25.0,상업용차,상업용차,상업용차
동유럽,1154,1401,1183,1782,1718,1662,1634,1535,1190,1514,1444,1238,2023,한랭,소형차,일반 차량,17455,i20 N,25.0,소형차,소형차,소형차
동유럽,505,609,514,781,755,729,712,669,523,660,635,540,2023,한랭,소형차,일반 차량,7632,HB20,25.0,소형차,소형차,소형차
동유럽,1276,1548,1310,1970,1903,1835,1801,1700,1310,1674,1599,1370,2023,한랭,소형차,일반 차량,19296,Santa-Fe,25.0,소형차,소형차,소형차
동유럽,760,915,778,1163,1128,1086,1068,1008,778,991,949,812,2023,한랭,상업용차,일반 차량,11436,Mighty,25.0,상업용차,상업용차,상업용차
동유럽,5064,6149,5196,7805,7534,7270,7155,6728,5203,6636,6327,5435,2023,한랭,SUV,일반 차량,76502,Palisade,25.0,SUV,SUV,SUV
동유럽,3601,5337,5517,5808,3318,4019,3250,3926,6217,6141,4969,4482,2024,한랭,소형차,일반 차량,56585,GV70,25.0,소형차,소형차,소형차
동유럽,2273,3369,3485,3668,2096,2538,2048,2477,3927,3872,3138,2831,2024,한랭,소형차,일반 차량,35722,Venue,25.0,소형차,소형차,소형차
동유럽,289,434,448,469,269,323,261,317,503,496,400,365,2024,한랭,소형차,일반 차량,4574,i20 N,25.0,소형차,소형차,소형차
동유럽,3993,5912,6123,6436,3680,4456,3601,4351,6890,6802,5512,4971,2024,한랭,소형차,일반 차량,62727,i10,25.0,소형차,소형차,소형차
동유럽,1172,1740,1800,1895,1084,1313,1054,1275,2028,1999,1615,1459,2024,한랭,SUV,일반 차량,18434,Santa Fe,25.0,SUV,SUV,SUV
동유럽,3039,4505,4657,4901,2796,3390,2743,3308,5242,5179,4189,3785,2024,한랭,SUV,일반 차량,47734,Tucson OB,25.0,SUV,SUV,SUV
동유럽,3864,5718,5917,6225,3556,4313,3482,4205,6666,6583,5327,4803,2024,한랭,소형차,일반 차량,60659,BHMC,25.0,소형차,소형차,소형차
동유럽,572,839,868,919,521,637,513,622,984,969,781,709,2024,한랭,전기차,일반 차량,8934,IONIQ5,25.0,전기차,전기차,전기차
동유럽,217,317,335,353,198,244,198,235,371,371,299,271,2024,한랭,소형차,일반 차량,3409,Elantra,25.0,소형차,소형차,소형차
동유럽,380,568,582,618,352,423,344,417,661,647,525,474,2024,한랭,SUV,일반 차량,5991,Bayon,25.0,SUV,SUV,SUV
동유럽,1647,1991,1215,2087,4264,1895,2320,2485,3075,2403,1935,1255,2025,한랭,소형차,일반 차량,26572,i20,25.0,소형차,소형차,소형차
동유럽,146,179,105,187,384,171,211,221,278,211,171,114,2025,한랭,상업용차,일반 차량,2378,Mighty,25.0,상업용차,상업용차,상업용차
동유럽,767,930,568,972,1986,882,1081,1157,1431,1123,903,588,2025,한랭,소형차,일반 차량,12388,HTBC,25.0,소형차,소형차,소형차
동유럽,7290,8819,5378,9237,18876,8401,10286,11007,13612,10641,8580,5565,2025,한랭,소형차,일반 차량,117692,PV,25.0,소형차,소형차,소형차
동유럽,795,964,583,1007,2057,913,1125,1202,1489,1159,939,609,2025,한랭,SUV,일반 차량,12842,Tucson,25.0,SUV,SUV,SUV
동유럽,444,535,328,560,1146,510,626,668,824,643,518,338,2025,한랭,상업용차,일반 차량,7140,Truck,25.0,상업용차,상업용차,상업용차
동유럽,1747,2109,1285,2216,4522,2011,2466,2632,3260,2549,2050,1331,2025,한랭,전기차,일반 차량,28178,Santa-Fe HEV,25.0,전기차,전기차,전기차
동유럽,11388,13780,8401,14437,29485,13115,16070,17188,21269,16617,13397,8691,2025,한랭,전기차,일반 차량,183838,Santa Fe HEV,25.0,전기차,전기차,전기차
북미-멕시코,6,0,438,52,52,152,286,126,239,85,205,145,2021,건조,소형차,일반 차량,1786,PV,20.0,소형차,소형차,소형차
북미-멕시코,0,0,102,7,7,33,67,24,50,16,50,33,2021,건조,소형차,일반 차량,389,GV70,20.0,소형차,소형차,소형차
북미-멕시코,0,0,135,15,15,46,87,39,71,23,63,46,2021,건조,전기차,일반 차량,540,Ioniq5,20.0,전기차,전기차,전기차
북미-멕시코,0,0,295,33,33,102,192,81,157,54,136,96,2021,건조,소형차,일반 차량,1179,Stargazer,20.0,소형차,소형차,소형차
북미-멕시코,0,0,197,22,22,67,128,59,105,37,98,67,2021,건조,소형차,일반 차량,802,HB20,20.0,소형차,소형차,소형차
북미-멕시코,0,0,252,32,32,89,162,72,137,48,122,80,2021,건조,소형차,일반 차량,1026,Exter,20.0,소형차,소형차,소형차
북미-멕시코,0,0,44,7,7,16,35,16,26,7,26,16,2021,건조,SUV,일반 차량,200,Tucson OB,20.0,SUV,SUV,SUV
북미-멕시코,0,0,124,13,13,41,83,33,68,20,62,41,2021,건조,소형차,일반 차량,498,i20 N,20.0,소형차,소형차,소형차
북미-멕시코,0,0,215,22,22,76,137,61,115,37,100,68,2021,건조,SUV,일반 차량,853,Palisade,20.0,SUV,SUV,SUV
북미-멕시코,0,0,42,6,6,14,28,14,20,6,20,14,2021,건조,소형차,일반 차량,170,Kusto,20.0,소형차,소형차,소형차
북미-멕시코,0,0,32,7,7,15,24,7,15,7,15,15,2021,건조,소형차,일반 차량,144,CV,20.0,소형차,소형차,소형차
북미-멕시코,6,0,14,28,0,14,36,6,6,6,20,20,2022,건조,소형차,일반 차량,156,Exter,20.0,소형차,소형차,소형차
북미-멕시코,52,22,157,278,36,135,345,89,81,89,240,240,2022,건조,전기차,일반 차량,1764,Santa-Fe HEV,20.0,전기차,전기차,전기차
북미-멕시코,0,0,0,0,0,0,0,0,0,0,0,0,2022,건조,소형차,일반 차량,0,HB20,20.0,소형차,소형차,소형차
북미-멕시코,6,0,19,39,6,19,45,13,13,13,32,32,2022,건조,소형차,일반 차량,237,Venue,20.0,소형차,소형차,소형차
북미-멕시코,37,14,123,208,22,100,262,68,61,68,184,184,2022,건조,전기차,일반 차량,1331,IONIQ6,20.0,전기차,전기차,전기차
북미-멕시코,58,24,192,334,41,158,418,107,100,107,292,292,2022,건조,SUV,일반 차량,2123,Santa Fe,20.0,SUV,SUV,SUV
북미-멕시코,52,16,183,314,42,148,393,96,96,104,270,270,2022,건조,소형차,일반 차량,1984,HTBC,20.0,소형차,소형차,소형차
북미-멕시코,13,6,33,61,6,27,74,19,19,19,54,54,2022,건조,소형차,일반 차량,385,i10,20.0,소형차,소형차,소형차
북미-멕시코,0,26,16,7,16,7,52,61,16,35,52,35,2023,건조,소형차,일반 차량,323,PV,20.0,소형차,소형차,소형차
북미-멕시코,0,0,0,0,0,0,0,6,0,0,0,0,2023,건조,소형차,일반 차량,6,HB20,20.0,소형차,소형차,소형차
북미-멕시코,6,55,41,27,49,20,140,154,49,91,140,76,2023,건조,SUV,일반 차량,848,Palisade,20.0,SUV,SUV,SUV
북미-멕시코,0,16,7,7,7,7,33,33,7,16,33,16,2023,건조,전기차,일반 차량,182,GV70 EV,20.0,전기차,전기차,전기차
북미-멕시코,15,175,119,94,150,63,439,470,158,279,430,239,2023,건조,상업용차,일반 차량,2631,Truck,20.0,상업용차,상업용차,상업용차
북미-멕시코,16,205,145,110,170,76,513,547,188,325,505,282,2023,건조,소형차,일반 차량,3082,i20 N,20.0,소형차,소형차,소형차
북미-멕시코,14,136,93,79,115,49,347,367,130,223,339,195,2023,건조,소형차,일반 차량,2087,Venue,20.0,소형차,소형차,소형차
북미-멕시코,0,27,19,13,19,6,61,67,19,40,61,33,2023,건조,소형차,일반 차량,365,Kusto,20.0,소형차,소형차,소형차
북미-멕시코,98,81,470,618,322,247,239,239,313,256,197,115,2024,건조,소형차,일반 차량,3195,i20 N,20.0,소형차,소형차,소형차
북미-멕시코,42,33,214,282,145,110,110,110,145,110,93,50,2024,건조,소형차,일반 차량,1444,CV,20.0,소형차,소형차,소형차
북미-멕시코,62,54,304,390,202,156,148,156,202,163,124,78,2024,건조,소형차,일반 차량,2039,Kusto,20.0,소형차,소형차,소형차
북미-멕시코,32,32,170,219,113,89,89,89,113,89,72,40,2024,건조,소형차,일반 차량,1147,i20,20.0,소형차,소형차,소형차
북미-멕시코,105,89,504,663,345,263,256,256,331,270,210,127,2024,건조,전기차,일반 차량,3419,IONIQ6,20.0,전기차,전기차,전기차
북미-멕시코,7,7,52,70,35,26,26,26,35,26,26,16,2024,건조,전기차,일반 차량,352,IONIQ5,20.0,전기차,전기차,전기차
북미-멕시코,0,0,0,0,0,0,0,0,0,0,0,0,2024,건조,전기차,일반 차량,0,Santa Fe HEV,20.0,전기차,전기차,전기차
북미-멕시코,126,109,600,778,405,313,296,304,388,321,253,152,2024,건조,전기차,일반 차량,4045,GV70 EV,20.0,전기차,전기차,전기차
북미-멕시코,32,74,222,139,98,24,180,180,139,139,172,98,2025,건조,SUV,일반 차량,1497,Bayon,20.0,SUV,SUV,SUV
북미-멕시코,0,7,24,15,15,0,24,24,15,15,24,7,2025,건조,SUV,일반 차량,170,Tucson OB,20.0,SUV,SUV,SUV
북미-멕시코,0,7,26,16,7,0,26,26,16,16,16,7,2025,건조,전기차,일반 차량,163,Santa Fe HEV,20.0,전기차,전기차,전기차
북미-멕시코,71,176,520,322,236,58,427,421,322,335,395,223,2025,건조,상업용차,일반 차량,3506,Porter,20.0,상업용차,상업용차,상업용차
북미-멕시코,26,65,182,117,84,19,149,149,110,117,143,78,2025,건조,전기차,일반 차량,1239,GV70 EV,20.0,전기차,전기차,전기차
북미-멕시코,0,0,7,7,0,0,7,7,7,7,7,0,2025,건조,소형차,일반 차량,49,Venue,20.0,소형차,소형차,소형차
북미-멕시코,16,35,96,61,42,7,78,78,61,61,78,42,2025,건조,소형차,일반 차량,655,CV,20.0,소형차,소형차,소형차
북미-멕시코,13,27,88,54,40,13,74,67,54,54,67,40,2025,건조,소형차,일반 차량,591,Exter,20.0,소형차,소형차,소형차
북미-멕시코,31,78,244,149,109,31,196,196,149,157,188,101,2025,건조,SUV,일반 차량,1629,Santa Fe,20.0,SUV,SUV,SUV
북미-멕시코,7,15,58,32,24,7,41,41,32,32,41,24,2025,건조,전기차,일반 차량,354,IONIQ6,20.0,전기차,전기차,전기차
북미-멕시코,7,15,39,23,15,7,31,31,23,23,31,15,2025,건조,소형차,일반 차량,260,i20,20.0,소형차,소형차,소형차
북미-미국,565457,385645,584073,625850,420298,498511,490806,412883,437771,551209,569881,566609,2021,온대,소형차,일반 차량,6108993,Stargazer,20.0,소형차,소형차,소형차
북미-미국,6041383,4120871,6239594,6684965,4488810,5323992,5241734,4413227,4675830,5890470,6087799,6052001,2021,온대,전기차,일반 차량,65260676,Santa-Fe HEV,20.0,전기차,전기차,전기차
북미-미국,254133,173482,262680,281479,188935,224008,220654,185581,196662,247960,256220,254666,2021,온대,소형차,일반 차량,2746460,HTBC,20.0,소형차,소형차,소형차
북미-미국,27889,18656,28813,30752,20903,24682,24066,20595,21519,26920,28197,27889,2021,온대,전기차,일반 차량,300881,Ioniq5,20.0,전기차,전기차,전기차
북미-미국,2773006,1891488,2863984,3068108,2059903,2443740,2406136,2025741,2146008,2703475,2794045,2777881,2021,온대,소형차,일반 차량,29953515,CV,20.0,소형차,소형차,소형차
북미-미국,1762185,1201989,1819946,1949961,1309168,1552640,1528766,1287399,1363826,1718215,1775585,1765321,2021,온대,전기차,일반 차량,19035001,GV70 EV,20.0,전기차,전기차,전기차
북미-미국,685512,467480,707872,758265,509394,603927,594466,500562,530493,668194,690848,686772,2021,온대,상업용차,일반 차량,7403785,Porter,20.0,상업용차,상업용차,상업용차
북미-미국,684714,466944,707205,757726,508698,603358,594130,500162,529921,667567,689862,685983,2021,온대,SUV,일반 차량,7396270,Palisade,20.0,SUV,SUV,SUV
북미-미국,3098162,3096017,3774588,3987363,4077751,3492973,5168399,3715045,4966673,4598416,5402457,5102981,2022,온대,전기차,일반 차량,50480825,GV70 EV,20.0,전기차,전기차,전기차
북미-미국,501124,500838,610622,645477,659682,565292,836227,600996,803973,744160,874540,825759,2022,온대,소형차,일반 차량,8168690,NX4m,20.0,소형차,소형차,소형차
북미-미국,3579039,3576860,4360580,4606476,4710435,4035658,5971035,4291795,5737873,5312734,6241509,5895395,2022,온대,전기차,일반 차량,58319389,Santa-Fe HEV,20.0,전기차,전기차,전기차
북미-미국,2256543,2254910,2749252,2904244,2969950,2544252,3764494,2706005,3617650,3349376,3934866,3716630,2022,온대,SUV,일반 차량,36768172,Santa Fe,20.0,SUV,SUV,SUV
북미-미국,319023,319023,389026,411394,420548,360012,533205,382818,512062,474391,557236,526199,2022,온대,소형차,일반 차량,5204937,Elantra,20.0,소형차,소형차,소형차
북미-미국,70554,70554,85880,90885,93066,79727,117563,84739,113397,104767,123113,116174,2022,온대,전기차,일반 차량,1150419,Ioniq5,20.0,전기차,전기차,전기차
북미-미국,110376,110376,134492,142199,145692,124515,184280,132774,177515,163986,192820,181902,2022,온대,소형차,일반 차량,1800927,Stargazer,20.0,소형차,소형차,소형차
북미-미국,17795,17795,21660,22743,23307,19756,29889,21403,28502,26339,30970,29066,2022,온대,SUV,일반 차량,289225,Bayon,20.0,SUV,SUV,SUV
북미-미국,83505,83505,101614,107556,109701,94255,139458,100196,133750,124011,145675,137589,2022,온대,소형차,일반 차량,1360815,Kusto,20.0,소형차,소형차,소형차
북미-미국,1114295,1113476,1357686,1434123,1466753,1256536,1858939,1336318,1786295,1653918,1943050,1835341,2022,온대,소형차,일반 차량,18156730,GV70,20.0,소형차,소형차,소형차
북미-미국,91763,91763,111829,118130,120923,103698,152933,110054,146994,136068,160353,151212,2022,온대,소형차,일반 차량,1495720,i20 N,20.0,소형차,소형차,소형차
북미-미국,378693,378399,461452,487401,498793,426930,632020,454234,607502,562049,660720,623917,2022,온대,소형차,일반 차량,6172110,HTBC,20.0,소형차,소형차,소형차
북미-미국,2168523,2880550,2888412,2870767,3344133,3118413,3058857,3063559,3220310,3766548,3821833,3805365,2023,온대,소형차,일반 차량,38007270,Santa-Fe,20.0,소형차,소형차,소형차
북미-미국,1817380,2413982,2420776,2405820,2802578,2613825,2563430,2567334,2699282,3156458,3202901,3189265,2023,온대,전기차,일반 차량,31853031,IONIQ5,20.0,전기차,전기차,전기차
북미-미국,149931,199540,200205,198865,231788,215835,212039,212373,223141,260973,265161,263762,2023,온대,상업용차,일반 차량,2633613,Mighty,20.0,상업용차,상업용차,상업용차
북미-미국,2295290,3048862,3057266,3038445,3539502,3300838,3237469,3242425,3408547,3986562,4045245,4027682,2023,온대,전기차,일반 차량,40228133,Santa-Fe HEV,20.0,전기차,전기차,전기차
북미-미국,995321,1321826,1325696,1317881,1534948,1431588,1403865,1406000,1478100,1728948,1754139,1746712,2023,온대,소형차,일반 차량,17445024,NX4m,20.0,소형차,소형차,소형차
북미-미국,1534395,2038040,2043553,2031222,2366100,2206603,2164320,2167631,2278749,2665128,2704290,2692628,2023,온대,소형차,일반 차량,26892659,Elantra,20.0,소형차,소형차,소형차
북미-미국,492918,654386,656630,652456,759948,708587,695472,696113,732019,855927,868445,864589,2023,온대,소형차,일반 차량,8637490,Kusto,20.0,소형차,소형차,소형차
북미-미국,3790414,5034936,5048421,5018466,5845767,5451300,5346371,5355218,5629566,6584118,6680634,6652018,2023,온대,소형차,일반 차량,66437229,i20,20.0,소형차,소형차,소형차
북미-미국,518575,688721,690572,686366,799708,745763,731501,732307,770088,900594,913805,910103,2023,온대,전기차,일반 차량,9088103,Santa Fe HEV,20.0,전기차,전기차,전기차
북미-미국,1186645,935948,1234920,1369292,1329092,1194982,960373,1121762,983586,1118854,980158,1237775,2024,온대,소형차,일반 차량,13653387,GV70,20.0,소형차,소형차,소형차
북미-미국,343481,270750,357338,396617,384763,345814,277947,324717,284606,323591,284025,358213,2024,온대,소형차,일반 차량,3951862,Accent,20.0,소형차,소형차,소형차
북미-미국,389874,307402,405711,449590,436653,392502,315595,368480,323239,367659,322200,406795,2024,온대,소형차,일반 차량,4485700,NX4m,20.0,소형차,소형차,소형차
북미-미국,4580244,3612025,4766385,5284734,5129990,4612641,3707646,4330246,3797221,4318886,3784174,4777059,2024,온대,전기차,일반 차량,52701251,Santa-Fe HEV,20.0,전기차,전기차,전기차
북미-미국,2691467,2122300,2800793,3105114,3014200,2710141,2178387,2544089,2231037,2537666,2223443,2807208,2024,온대,소형차,일반 차량,30965845,PV,20.0,소형차,소형차,소형차
북미-미국,358710,282667,373143,413980,401639,361488,290369,338973,297470,337927,296360,374190,2024,온대,소형차,일반 차량,4126916,BHMC,20.0,소형차,소형차,소형차
북미-미국,287022,226828,298669,331501,321916,289430,232296,271614,238071,270606,237418,299677,2024,온대,상업용차,일반 차량,3305048,Truck,20.0,상업용차,상업용차,상업용차
북미-미국,2993883,2360990,3115828,3454318,3353144,3015154,2423503,2830476,2482120,2822961,2473297,3122799,2024,온대,소형차,일반 차량,34448473,Elantra,20.0,소형차,소형차,소형차
북미-미국,262148,206610,272671,302488,293377,264342,212408,247631,217469,247294,216403,273789,2024,온대,전기차,일반 차량,3016630,IONIQ6,20.0,전기차,전기차,전기차
북미-미국,4746946,3743724,4939743,5477022,5316462,4780286,3842430,4487355,3935101,4476112,3921286,4951262,2024,온대,소형차,일반 차량,54617729,HTBC,20.0,소형차,소형차,소형차
북미-미국,3563197,2809664,3707716,4110773,3990631,3587844,2883875,3368215,2953554,3359669,2943201,3716213,2024,온대,소형차,일반 차량,40994552,HB20,20.0,소형차,소형차,소형차
북미-미국,1135408,320087,285107,813450,938387,151594,158037,164950,46401,380109,0,234901,2025,온대,소형차,일반 차량,4628431,PV,20.0,소형차,소형차,소형차
북미-미국,1502316,423628,377325,1076440,1241739,200279,209357,218237,61592,503194,0,310657,2025,온대,SUV,일반 차량,6124764,Tucson OB,20.0,SUV,SUV,SUV
북미-미국,2653746,748284,666673,1901057,2193074,353998,369609,385554,108777,888680,0,549164,2025,온대,소형차,일반 차량,10818616,BHMC,20.0,소형차,소형차,소형차
북미-미국,2873988,810273,721919,2059013,2375030,383478,400310,417554,117784,962508,0,594529,2025,온대,소형차,일반 차량,11716386,Stargazer,20.0,소형차,소형차,소형차
북미-미국,2556734,720595,642157,1831596,2112915,340655,355580,371295,104543,856569,0,528537,2025,온대,소형차,일반 차량,10421176,i20,20.0,소형차,소형차,소형차
북미-미국,1604523,452393,402878,1149575,1325825,214005,223498,233035,65695,537406,0,331779,2025,온대,전기차,일반 차량,6540612,GV70 EV,20.0,전기차,전기차,전기차
북미-미국,534573,150416,133939,382958,441492,71484,74208,77338,21593,179061,0,110752,2025,온대,소형차,일반 차량,2177814,HTBC,20.0,소형차,소형차,소형차
북미-미국,724586,204450,181813,519033,598649,96245,100763,105281,29618,242549,0,149657,2025,온대,소형차,일반 차량,2952644,HB20,20.0,소형차,소형차,소형차
북미-미국,1369096,385912,343933,981023,1131375,182649,190218,199047,55834,458565,0,283053,2025,온대,전기차,일반 차량,5580705,Ioniq5,20.0,전기차,전기차,전기차
북미-미국,104437,29346,26189,74607,86174,13951,14673,15146,4295,34889,0,21411,2025,온대,SUV,일반 차량,425118,Santa Fe,20.0,SUV,SUV,SUV
북미-미국,901570,254052,226347,645820,745024,120209,125453,130971,36776,301880,0,186662,2025,온대,전기차,일반 차량,3674764,Santa-Fe HEV,20.0,전기차,전기차,전기차
북미-미국,859195,242117,215525,615295,709653,114340,119393,124767,35193,287795,0,177594,2025,온대,SUV,일반 차량,3500867,Tucson,20.0,SUV,SUV,SUV
북미-캐나다,66518,46261,78472,62787,41477,38312,52150,32423,39365,40947,56942,55580,2021,한랭,소형차,일반 차량,611234,HB20,20.0,소형차,소형차,소형차
북미-캐나다,821501,566897,962338,772970,508341,469505,639086,399651,483468,505600,699644,682929,2021,한랭,소형차,일반 차량,7511930,i20 N,20.0,소형차,소형차,소형차
북미-캐나다,104435,72121,122463,98509,64845,59565,81342,50787,61548,64398,89065,87074,2021,한랭,소형차,일반 차량,956152,BHMC,20.0,소형차,소형차,소형차
북미-캐나다,446637,308130,523304,420245,276257,255285,347485,217217,263057,274964,380602,371026,2021,한랭,전기차,일반 차량,4084209,Santa-Fe HEV,20.0,전기차,전기차,전기차
북미-캐나다,269137,185117,315057,253021,165900,153584,209461,130969,158012,165551,229027,223498,2021,한랭,상업용차,일반 차량,2458334,Truck,20.0,상업용차,상업용차,상업용차
북미-캐나다,1389536,958637,1627756,1307892,859908,794110,1081050,676422,818448,855505,1183589,1154797,2021,한랭,소형차,일반 차량,12707650,i10,20.0,소형차,소형차,소형차
북미-캐나다,655879,452743,768528,617286,405909,374918,510325,319550,386006,403705,558723,545141,2021,한랭,소형차,일반 차량,5998713,Exter,20.0,소형차,소형차,소형차
북미-캐나다,321953,222320,377305,302880,198882,183643,250448,156709,189539,198305,274173,267460,2021,한랭,소형차,일반 차량,2943617,GV70,20.0,소형차,소형차,소형차
북미-캐나다,360334,248190,421884,338802,222790,205965,280267,175296,212041,221683,306775,299290,2021,한랭,상업용차,일반 차량,3293317,Porter,20.0,상업용차,상업용차,상업용차
북미-캐나다,146095,124312,147295,173924,146694,131002,120510,133606,132399,150336,115866,159989,2022,한랭,소형차,일반 차량,1682028,i20,20.0,소형차,소형차,소형차
북미-캐나다,632685,537993,637732,752393,634772,566612,521624,578221,573757,650269,502284,692826,2022,한랭,소형차,일반 차량,7281168,Stargazer,20.0,소형차,소형차,소형차
북미-캐나다,247865,210926,250111,295174,248828,222262,204458,226802,225202,254979,196978,271549,2022,한랭,SUV,일반 차량,2855134,Palisade,20.0,SUV,SUV,SUV
북미-캐나다,1102718,937981,1112477,1311818,1106355,987999,909511,1007529,1000596,1133616,875309,1208078,2022,한랭,소형차,일반 차량,12693987,HTBC,20.0,소형차,소형차,소형차
북미-캐나다,303993,258323,306360,361425,304938,272242,250825,277629,275774,312223,241180,332687,2022,한랭,소형차,일반 차량,3497599,Venue,20.0,소형차,소형차,소형차
북미-캐나다,22461,19087,22675,26731,22675,19983,18613,20664,20410,23357,17931,24679,2022,한랭,소형차,일반 차량,259266,PV,20.0,소형차,소형차,소형차
북미-캐나다,15168,13038,15439,18111,15168,13851,12766,13851,13851,15710,11992,16794,2022,한랭,상업용차,일반 차량,175739,Truck,20.0,상업용차,상업용차,상업용차
북미-캐나다,63701,53928,64020,75560,63701,56788,52473,57931,57671,65165,50446,69479,2022,한랭,전기차,일반 차량,730863,IONIQ5,20.0,전기차,전기차,전기차
북미-캐나다,6764,6123,6764,8153,6764,6444,5437,6444,6444,7459,5437,7831,2022,한랭,소형차,일반 차량,80064,Exter,20.0,소형차,소형차,소형차
북미-캐나다,32260,27435,32260,38425,32260,28783,26346,29573,29282,33059,25256,35197,2022,한랭,SUV,일반 차량,370136,Tucson OB,20.0,SUV,SUV,SUV
북미-캐나다,648054,551098,653808,770814,649831,580882,534601,592040,588422,666328,514492,709821,2022,한랭,전기차,일반 차량,7460191,Santa-Fe HEV,20.0,전기차,전기차,전기차
북미-캐나다,368887,313807,372377,438790,370151,330505,304369,337085,334908,379297,292695,404121,2022,한랭,소형차,일반 차량,4246992,GV70,20.0,소형차,소형차,소형차
북미-캐나다,392161,477584,457858,431050,418455,459184,334864,246027,245208,390321,428447,471568,2023,한랭,소형차,일반 차량,4752727,HTBC,20.0,소형차,소형차,소형차
북미-캐나다,114200,139010,133456,125669,121616,133835,97505,71531,71152,113458,124548,137191,2023,한랭,상업용차,일반 차량,1383171,Mighty,20.0,상업용차,상업용차,상업용차
북미-캐나다,415686,506433,485349,456957,443493,486516,354761,260527,260205,413882,454307,499972,2023,한랭,전기차,일반 차량,5038088,Santa-Fe HEV,20.0,전기차,전기차,전기차
북미-캐나다,1034136,1258443,1206837,1135857,1102887,1210034,882183,647817,646389,1028703,1129401,1242663,2023,한랭,상업용차,일반 차량,12525350,Truck,20.0,상업용차,상업용차,상업용차
북미-캐나다,21722,26185,25344,23703,23112,25344,18393,13388,13388,21173,23405,25935,2023,한랭,소형차,일반 차량,261092,i20 N,20.0,소형차,소형차,소형차
북미-캐나다,330544,402428,385833,363234,352910,387105,282261,207127,206626,329271,361228,397667,2023,한랭,소형차,일반 차량,4006234,Venue,20.0,소형차,소형차,소형차
북미-캐나다,174311,212354,203485,191601,185746,203978,148876,109209,109209,173413,190428,209557,2023,한랭,소형차,일반 차량,2112167,Exter,20.0,소형차,소형차,소형차
북미-캐나다,138105,168358,161068,151971,147466,161819,117962,86427,86427,137618,150998,166101,2023,한랭,소형차,일반 차량,1674320,PV,20.0,소형차,소형차,소형차
북미-캐나다,148673,180885,173713,163622,158419,174021,126866,93343,93044,148022,162304,178609,2023,한랭,소형차,일반 차량,1801521,BHMC,20.0,소형차,소형차,소형차
북미-캐나다,348819,424358,406749,382928,372104,407850,297339,218527,217716,346899,380763,418926,2023,한랭,소형차,일반 차량,4222978,GV70,20.0,소형차,소형차,소형차
북미-캐나다,219557,267317,256303,241142,234189,257030,187208,137370,137131,218548,239842,263982,2023,한랭,전기차,일반 차량,2659619,IONIQ5,20.0,전기차,전기차,전기차
북미-캐나다,474884,578097,554187,521611,506365,555543,405218,297488,297162,472761,518508,570798,2023,한랭,전기차,일반 차량,5752622,Santa Fe HEV,20.0,전기차,전기차,전기차
북미-캐나다,648929,547216,690914,622830,609536,706031,630148,494528,589463,732670,527364,626754,2024,한랭,SUV,일반 차량,7426383,Bayon,20.0,SUV,SUV,SUV
북미-캐나다,223738,188589,238197,214533,209945,243452,217137,170181,203011,252324,181645,215831,2024,한랭,전기차,일반 차량,2558583,GV70 EV,20.0,전기차,전기차,전기차
북미-캐나다,70526,59641,75196,67600,66172,77002,68349,53851,64366,79921,57141,67978,2024,한랭,소형차,일반 차량,807743,HTBC,20.0,소형차,소형차,소형차
북미-캐나다,93279,78792,99573,89740,87801,101522,90823,71414,84828,105618,76027,90265,2024,한랭,소형차,일반 차량,1069682,Santa-Fe,20.0,소형차,소형차,소형차
북미-캐나다,99475,83909,105926,95636,93578,108263,96805,75677,90353,112379,80960,95915,2024,한랭,소형차,일반 차량,1138876,Exter,20.0,소형차,소형차,소형차
북미-캐나다,152096,128266,162206,146139,142766,165519,147656,116300,137936,171866,123775,147257,2024,한랭,소형차,일반 차량,1741782,Stargazer,20.0,소형차,소형차,소형차
북미-캐나다,96803,81620,103318,93116,91008,105427,94171,73763,87892,109355,78745,93405,2024,한랭,SUV,일반 차량,1108623,Tucson OB,20.0,SUV,SUV,SUV
북미-캐나다,749068,631860,798084,719236,703922,815194,727819,571071,680593,845868,609147,724005,2024,한랭,상업용차,일반 차량,8575867,Mighty,20.0,상업용차,상업용차,상업용차
북미-캐나다,124013,104570,132284,119023,116804,135266,120521,94598,112798,140002,100823,120049,2024,한랭,SUV,일반 차량,1420751,Santa Fe,20.0,SUV,SUV,SUV
북미-캐나다,317528,267684,338056,304547,298498,345611,308474,242297,288521,358325,258323,306668,2024,한랭,전기차,일반 차량,3634532,IONIQ5,20.0,전기차,전기차,전기차
북미-캐나다,1779692,1500609,1894747,1707972,1672273,1936136,1728515,1356492,1616297,2009177,1446900,1719033,2024,한랭,전기차,일반 차량,20367843,Ioniq5,20.0,전기차,전기차,전기차
북미-캐나다,179407,135525,32213,416012,357114,408919,461831,272221,0,64237,22058,0,2025,한랭,전기차,일반 차량,2349537,IONIQ6,20.0,전기차,전기차,전기차
북미-캐나다,1067130,807685,191997,2472244,2123049,2430387,2747012,1618328,0,382078,130198,0,2025,한랭,소형차,일반 차량,13970108,CV,20.0,소형차,소형차,소형차
북미-캐나다,648137,490421,116639,1501315,1289559,1476098,1668132,982997,0,232094,79206,0,2025,한랭,소형차,일반 차량,8484598,GV70,20.0,소형차,소형차,소형차
북미-캐나다,105564,79623,18769,244577,210158,240851,272088,160140,0,37802,12940,0,2025,한랭,소형차,일반 차량,1382512,Santa-Fe,20.0,소형차,소형차,소형차
북미-캐나다,121515,91924,21903,281111,241735,276614,312537,183849,0,43552,14477,0,2025,한랭,SUV,일반 차량,1589217,Bayon,20.0,SUV,SUV,SUV
북미-캐나다,343310,259545,61343,795039,683211,781754,883708,520650,0,123129,41661,0,2025,한랭,상업용차,일반 차량,4493350,Porter,20.0,상업용차,상업용차,상업용차
북미-캐나다,408452,308947,73649,946108,812571,930040,1051304,619194,0,146111,49751,0,2025,한랭,상업용차,일반 차량,5346127,Mighty,20.0,상업용차,상업용차,상업용차
북미-캐나다,713931,540083,128360,1653608,1420305,1625597,1837299,1082453,0,255275,87073,0,2025,한랭,소형차,일반 차량,9343984,Exter,20.0,소형차,소형차,소형차
북미-캐나다,270440,204937,48638,627177,538561,616665,696949,410512,0,96749,33040,0,2025,한랭,소형차,일반 차량,3543668,HTBC,20.0,소형차,소형차,소형차
북미-캐나다,430599,326046,77212,997702,856991,980690,1108248,653195,0,154142,52413,0,2025,한랭,소형차,일반 차량,5637238,NX4m,20.0,소형차,소형차,소형차
서유럽,198608,194857,230175,218867,158089,203536,204988,165033,178631,215117,167323,201237,2021,온대,소형차,일반 차량,2336461,CV,45.0,소형차,소형차,소형차
서유럽,297525,291860,344899,328132,236520,304910,306898,247582,267440,322467,250720,301499,2021,온대,상업용차,일반 차량,3500452,Mighty,45.0,상업용차,상업용차,상업용차
서유럽,300497,295080,348390,331555,239217,308060,310147,250119,270284,325682,253507,304740,2021,온대,소형차,일반 차량,3537278,GV70,45.0,소형차,소형차,소형차
서유럽,438537,430339,508327,483214,349242,449304,452891,365125,394142,475246,369506,444455,2021,온대,전기차,일반 차량,5160328,IONIQ5,45.0,전기차,전기차,전기차
서유럽,263557,258388,305319,290476,209475,269987,271959,219111,236871,285307,222065,267024,2021,온대,소형차,일반 차량,3099539,BHMC,45.0,소형차,소형차,소형차
서유럽,441359,432721,511564,486628,351379,452433,455499,367397,396999,478276,372341,447490,2021,온대,SUV,일반 차량,5194086,Tucson OB,45.0,SUV,SUV,SUV
서유럽,774163,758916,897012,852945,615861,792643,799019,644582,695745,838800,652408,784817,2021,온대,전기차,일반 차량,9106911,Santa Fe HEV,45.0,전기차,전기차,전기차
서유럽,494145,484474,572780,544997,393234,506405,510117,411797,444424,535717,416579,500835,2021,온대,소형차,일반 차량,5815504,Accent,45.0,소형차,소형차,소형차
서유럽,451147,442108,522478,496829,358594,462096,465572,375480,405511,488706,379862,457129,2021,온대,소형차,일반 차량,5305512,Venue,45.0,소형차,소형차,소형차
서유럽,457636,448574,530089,504138,363951,468801,472131,381171,411125,495748,385506,463742,2021,온대,상업용차,일반 차량,5382612,Porter,45.0,상업용차,상업용차,상업용차
서유럽,225244,221194,260934,248172,179144,230781,232789,187553,202636,244115,189865,228732,2021,온대,소형차,일반 차량,2651159,HB20,45.0,소형차,소형차,소형차
서유럽,212668,208524,246868,234522,169324,218030,219643,177220,191130,230704,179100,215507,2021,온대,소형차,일반 차량,2503240,Creta,45.0,소형차,소형차,소형차
서유럽,111444,118826,109240,120392,128861,86937,119950,112568,125046,127978,108799,179690,2022,온대,소형차,일반 차량,1449731,Venue,45.0,소형차,소형차,소형차
서유럽,1324797,1410907,1296719,1431669,1530933,1032109,1422477,1337098,1483617,1518211,1291726,2130431,2022,온대,소형차,일반 차량,17210694,i20,45.0,소형차,소형차,소형차
서유럽,520626,554281,509608,562676,601595,405518,558721,525361,583207,596330,507511,837327,2022,온대,SUV,일반 차량,6762761,Tucson OB,45.0,SUV,SUV,SUV
서유럽,376541,401003,368438,406834,435153,293230,404367,380137,421674,431557,367106,605553,2022,온대,SUV,일반 차량,4891593,Palisade,45.0,SUV,SUV,SUV
서유럽,89556,95019,87425,96563,103243,69820,95648,90186,100196,102613,87140,143620,2022,온대,소형차,일반 차량,1161029,NX4m,45.0,소형차,소형차,소형차
서유럽,56842,60860,55641,61825,66136,44475,61198,57797,63643,65181,55641,91778,2022,온대,소형차,일반 차량,741017,Stargazer,45.0,소형차,소형차,소형차
서유럽,319093,340188,312370,345125,369125,248830,342784,322299,357712,365610,311196,513207,2022,온대,소형차,일반 차량,4147539,HB20,45.0,소형차,소형차,소형차
서유럽,771313,822029,755372,833798,891905,601165,828521,778703,864196,884254,752154,1241020,2022,온대,소형차,일반 차량,10024430,Kusto,45.0,소형차,소형차,소형차
서유럽,246731,262714,241473,266721,285149,192339,265160,249177,276250,282647,240277,396963,2022,온대,SUV,일반 차량,3205601,Bayon,45.0,SUV,SUV,SUV
서유럽,264238,281292,258544,285387,305288,205819,283501,266770,295821,302757,257619,424929,2022,온대,전기차,일반 차량,3431965,IONIQ5,45.0,전기차,전기차,전기차
서유럽,101907,108873,99989,110721,118022,79489,109828,103198,114205,117067,99379,164434,2022,온대,전기차,일반 차량,1327112,GV70 EV,45.0,전기차,전기차,전기차
서유럽,652269,960062,888174,859675,896378,951803,697876,568353,561710,611097,560742,567383,2023,온대,소형차,일반 차량,8775522,Venue,45.0,소형차,소형차,소형차
서유럽,49798,73668,68178,66301,69095,73075,53502,43716,43073,46778,43073,43716,2023,온대,소형차,일반 차량,673973,HB20,45.0,소형차,소형차,소형차
서유럽,85951,126705,117661,113757,118305,126061,92461,74946,74354,80448,74354,74946,2023,온대,전기차,일반 차량,1159949,GV70 EV,45.0,전기차,전기차,전기차
서유럽,2135,2598,2598,2598,2598,2598,2135,1265,1265,1265,1265,1265,2023,온대,상업용차,일반 차량,23585,Mighty,45.0,상업용차,상업용차,상업용차
서유럽,58318,86059,79478,77085,80273,85264,62308,50687,50387,54882,50387,50687,2023,온대,소형차,일반 차량,785815,Exter,45.0,소형차,소형차,소형차
서유럽,295632,434793,402242,389359,406124,431160,315991,257424,254323,276752,254034,256885,2023,온대,소형차,일반 차량,3974719,Santa-Fe,45.0,소형차,소형차,소형차
서유럽,505912,744581,688357,666748,694716,738173,540876,440540,435372,473668,435073,440242,2023,온대,소형차,일반 차량,6804258,GV70,45.0,소형차,소형차,소형차
서유럽,838598,1234436,1141481,1104986,1151866,1223761,897108,730207,721866,785709,721007,729584,2023,온대,소형차,일반 차량,11280609,BHMC,45.0,소형차,소형차,소형차
서유럽,54255,79888,73964,71510,74529,79070,58035,47212,46394,50738,46394,47212,2023,온대,소형차,일반 차량,729201,PV,45.0,소형차,소형차,소형차
서유럽,1044009,1536816,1421481,1376316,1434739,1523558,1116844,909314,899197,978511,897927,908702,2023,온대,전기차,일반 차량,14047414,Santa-Fe HEV,45.0,전기차,전기차,전기차
서유럽,623903,918415,849326,822271,856959,910494,667531,543610,537231,584621,536454,542833,2023,온대,SUV,일반 차량,8393648,Bayon,45.0,SUV,SUV,SUV
서유럽,293210,301918,316040,388914,299377,295752,260966,239597,235596,319342,355909,388914,2024,온대,소형차,일반 차량,3695535,Exter,45.0,소형차,소형차,소형차
서유럽,353129,363424,380387,468451,360459,355818,313945,288695,283712,384364,428254,468119,2024,온대,SUV,일반 차량,4448757,Palisade,45.0,SUV,SUV,SUV
서유럽,152594,156800,164252,202039,155554,153568,135668,124515,122250,166003,184879,202039,2024,온대,소형차,일반 차량,1920161,HB20,45.0,소형차,소형차,소형차
서유럽,979746,1007578,1054116,1298830,1000078,986795,870037,800200,786094,1064884,1187496,1297128,2024,온대,소형차,일반 차량,12332982,Elantra,45.0,소형차,소형차,소형차
서유럽,329184,338830,354527,436564,336362,331695,292598,268902,264226,358115,399113,436004,2024,온대,소형차,일반 차량,4146120,i20,45.0,소형차,소형차,소형차
서유럽,196084,201723,211251,260279,199974,197834,173966,160092,157050,213456,237715,259888,2024,온대,SUV,일반 차량,2469312,Tucson,45.0,SUV,SUV,SUV
서유럽,1280336,1317416,1377867,1697659,1307002,1290048,1137484,1046127,1027587,1392230,1552268,1695717,2024,온대,상업용차,일반 차량,16121741,Porter,45.0,상업용차,상업용차,상업용차
서유럽,280569,289079,302262,371964,286343,282609,249470,229121,225086,305291,340526,371672,2024,온대,소형차,일반 차량,3533992,Santa-Fe,45.0,소형차,소형차,소형차
서유럽,387884,399138,417646,514772,396249,391041,344814,317052,311266,422277,470546,514194,2024,온대,소형차,일반 차량,4886879,CV,45.0,소형차,소형차,소형차
서유럽,79847,189092,130877,92430,106668,138965,179397,0,93391,63347,98267,202645,2025,온대,상업용차,일반 차량,1374926,Mighty,45.0,상업용차,상업용차,상업용차
서유럽,453287,1074278,744847,524049,604909,789675,1018268,0,530506,360490,557727,1152538,2025,온대,전기차,일반 차량,7810574,Santa-Fe HEV,45.0,전기차,전기차,전기차
서유럽,479177,1134702,786356,553835,638741,833670,1075438,0,560049,380123,589191,1217372,2025,온대,소형차,일반 차량,8248654,Stargazer,45.0,소형차,소형차,소형차
서유럽,458732,1087297,753701,530419,611986,799261,1030787,0,537003,364950,564439,1166538,2025,온대,SUV,일반 차량,7905113,Tucson OB,45.0,SUV,SUV,SUV
서유럽,530978,1257947,871813,613870,708069,924711,1192485,0,621423,421929,653130,1349413,2025,온대,전기차,일반 차량,9145768,Ioniq5,45.0,전기차,전기차,전기차
서유럽,453584,1075277,745124,524454,605675,790277,1018956,0,530770,360708,558224,1153341,2025,온대,전기차,일반 차량,7816390,IONIQ5,45.0,전기차,전기차,전기차
서유럽,539744,1279397,886641,624083,720064,939838,1212447,0,631751,429077,664147,1372296,2025,온대,소형차,일반 차량,9299485,BHMC,45.0,소형차,소형차,소형차
서유럽,607614,1440985,998239,702623,810906,1058814,1365224,0,711438,483240,747947,1545289,2025,온대,소형차,일반 차량,10472319,NX4m,45.0,소형차,소형차,소형차
서유럽,324494,768595,532728,374897,432689,564713,728723,0,379531,257816,399049,824691,2025,온대,소형차,일반 차량,5587926,PV,45.0,소형차,소형차,소형차
서유럽,1305483,3093529,2143976,1509257,1741798,2273245,2932412,0,1527899,1037198,1606733,3318291,2025,온대,SUV,일반 차량,22489821,Santa Fe,45.0,SUV,SUV,SUV
아시아,7575,9133,9385,7028,7028,7281,10185,7281,8332,8628,7028,7028,2021,온대,소형차,일반 차량,95912,Stargazer,20.0,소형차,소형차,소형차
아시아,315623,370953,380996,282710,294407,301863,413236,301863,342010,363490,288555,289006,2021,온대,전기차,일반 차량,3944712,IONIQ6,20.0,전기차,전기차,전기차
아시아,538882,633693,650783,483041,502696,515234,705478,515519,584171,620870,492732,493868,2021,온대,소형차,일반 차량,6736967,NX4m,20.0,소형차,소형차,소형차
아시아,149135,175478,180181,133758,139238,142697,195319,142697,161827,171725,136252,136735,2021,온대,소형차,일반 차량,1865042,i10,20.0,소형차,소형차,소형차
아시아,39200,46123,47406,34900,36632,37468,51258,37468,42214,45228,35728,36184,2021,온대,SUV,일반 차량,489809,Bayon,20.0,SUV,SUV,SUV
아시아,28698,33748,34855,25855,26999,27547,37951,27547,31201,33198,26448,26448,2021,온대,SUV,일반 차량,360495,Tucson OB,20.0,SUV,SUV,SUV
아시아,42896,50548,51767,38372,39883,41101,55998,41101,46610,49330,38956,39590,2021,온대,소형차,일반 차량,536152,Exter,20.0,소형차,소형차,소형차
아시아,610657,718333,737515,547611,569933,583959,799783,584193,661795,703292,558265,559808,2021,온대,소형차,일반 차량,7635144,Accent,20.0,소형차,소형차,소형차
아시아,1218681,1432610,1471523,1092831,1136875,1165600,1595410,1166005,1320919,1403537,1114481,1116840,2021,온대,전기차,일반 차량,15235312,GV70 EV,20.0,전기차,전기차,전기차
아시아,51849,61150,62696,46547,48713,49971,67998,49971,56477,59901,47464,47805,2021,온대,소형차,일반 차량,650542,BHMC,20.0,소형차,소형차,소형차
아시아,356206,364030,342223,490267,447620,400470,353102,342223,338686,395269,422541,306216,2022,온대,소형차,일반 차량,4558853,HTBC,20.0,소형차,소형차,소형차
아시아,242419,247426,233080,333711,304389,272140,239884,232740,230262,268933,287506,208364,2022,온대,소형차,일반 차량,3100854,i20 N,20.0,소형차,소형차,소형차
아시아,100696,102849,96818,138422,126046,113023,99677,96495,95418,111623,119368,86272,2022,온대,전기차,일반 차량,1286707,IONIQ6,20.0,전기차,전기차,전기차
아시아,167655,171379,161215,230830,210758,188477,166440,161215,159250,186005,198885,144117,2022,온대,소형차,일반 차량,2146226,Elantra,20.0,소형차,소형차,소형차
아시아,45378,46459,43496,62752,57115,51242,45096,43496,43258,50450,53923,38985,2022,온대,소형차,일반 차량,581650,Exter,20.0,소형차,소형차,소형차
아시아,70261,71835,67344,96674,88263,78954,69260,67344,67009,77662,83112,60225,2022,온대,전기차,일반 차량,897943,IONIQ5,20.0,전기차,전기차,전기차
아시아,206173,210680,198205,283780,259030,231652,204282,197675,196049,228509,244448,176968,2022,온대,소형차,일반 차량,2637451,BHMC,20.0,소형차,소형차,소형차
아시아,190549,194616,182723,262264,239175,213939,188638,182723,181162,211124,225776,163703,2022,온대,소형차,일반 차량,2436392,i20,20.0,소형차,소형차,소형차
아시아,743195,759810,714207,1023276,933680,835492,736758,713935,706416,824462,881904,638797,2022,온대,전기차,일반 차량,9511932,Santa-Fe HEV,20.0,전기차,전기차,전기차
아시아,137573,140838,132402,189611,172986,155002,136470,132402,131042,152847,163490,118486,2022,온대,SUV,일반 차량,1763149,Bayon,20.0,SUV,SUV,SUV
아시아,268539,274582,258089,369699,337260,301814,266078,257836,255337,297981,318598,230595,2022,온대,소형차,일반 차량,3436408,i10,20.0,소형차,소형차,소형차
아시아,290158,296874,279041,399588,364749,326281,287803,278790,275914,322179,344617,249587,2022,온대,상업용차,일반 차량,3715581,Mighty,20.0,상업용차,상업용차,상업용차
아시아,365789,236388,291243,342550,346046,339946,342270,321974,161289,349815,245097,249751,2023,온대,소형차,일반 차량,3592158,Elantra,20.0,소형차,소형차,소형차
아시아,294266,190115,234715,275767,278479,273586,275230,258914,129991,281191,196876,200963,2023,온대,소형차,일반 차량,2890093,CV,20.0,소형차,소형차,소형차
아시아,231064,149487,184158,216592,218632,214942,216167,203551,101966,221060,154798,157834,2023,온대,소형차,일반 차량,2270251,Kusto,20.0,소형차,소형차,소형차
아시아,721966,466275,574929,675771,682997,671223,675474,635614,318396,689964,483184,493175,2023,온대,소형차,일반 차량,7088968,Creta,20.0,소형차,소형차,소형차
아시아,52746,33894,42149,49232,49798,48930,49232,46277,23289,50404,35065,35933,2023,온대,상업용차,일반 차량,516949,Truck,20.0,상업용차,상업용차,상업용차
아시아,178770,115427,142339,167351,168945,166020,166819,157214,78734,170801,119459,121846,2023,온대,소형차,일반 차량,1753725,HB20,20.0,소형차,소형차,소형차
아시아,36954,23608,28985,34119,34697,34119,34119,32442,16216,34983,24714,24999,2023,온대,소형차,일반 차량,359955,BHMC,20.0,소형차,소형차,소형차
아시아,628955,406551,501401,588877,595158,584774,588611,553987,277646,601437,421030,429443,2023,온대,전기차,일반 차량,6177870,Santa-Fe HEV,20.0,전기차,전기차,전기차
아시아,158225,102579,126488,148569,150082,147354,148569,139473,69882,151597,106170,108291,2023,온대,전기차,일반 차량,1557279,IONIQ5,20.0,전기차,전기차,전기차
아시아,730899,472333,582638,684198,691395,679532,684005,643531,322519,698586,489243,499398,2023,온대,소형차,일반 차량,7178277,i20 N,20.0,소형차,소형차,소형차
아시아,408954,263982,325701,383111,387080,380111,382772,360214,180444,391050,273614,279286,2023,온대,상업용차,일반 차량,4016319,Mighty,20.0,상업용차,상업용차,상업용차
아시아,315107,277026,327440,381591,354653,412070,357876,407974,457465,326524,312755,335042,2024,온대,전기차,일반 차량,4265523,GV70 EV,20.0,전기차,전기차,전기차
아시아,367910,323468,382443,445988,414548,481248,417704,476417,534391,381476,365006,391136,2024,온대,소형차,일반 차량,4981735,Venue,20.0,소형차,소형차,소형차
아시아,41077,36383,43075,50099,46558,54415,46558,53250,59884,42687,41077,44240,2024,온대,소형차,일반 차량,559303,i10,20.0,소형차,소형차,소형차
아시아,390595,343179,405846,473334,439814,510977,443273,505457,567166,404931,387576,415093,2024,온대,전기차,일반 차량,5287241,Ioniq5,20.0,전기차,전기차,전기차
아시아,269880,237087,280567,326961,303920,352905,306517,349328,392184,279944,267905,287051,2024,온대,소형차,일반 차량,3654249,NX4m,20.0,소형차,소형차,소형차
아시아,363162,318872,377536,439934,408576,474975,411882,470224,527063,376467,360222,386029,2024,온대,전기차,일반 차량,4914942,IONIQ5,20.0,전기차,전기차,전기차
아시아,564663,496372,586899,684415,635818,738526,641009,730998,819800,585495,560330,599939,2024,온대,소형차,일반 차량,7644264,Elantra,20.0,소형차,소형차,소형차
아시아,172275,151207,178584,208556,193569,225057,195308,222678,249828,178357,170762,182919,2024,온대,상업용차,일반 차량,2329100,Porter,20.0,상업용차,상업용차,상업용차
아시아,104858,0,112021,95282,0,363529,0,152129,230469,0,0,258175,2025,온대,전기차,일반 차량,1316463,IONIQ6,20.0,전기차,전기차,전기차
아시아,69735,0,74754,63737,0,242341,0,101451,153865,0,0,172232,2025,온대,SUV,일반 차량,878115,Tucson,20.0,SUV,SUV,SUV
아시아,229269,0,245676,208761,0,795587,0,332749,504877,0,0,565189,2025,온대,SUV,일반 차량,2882108,Santa Fe,20.0,SUV,SUV,SUV
아시아,182310,0,195238,166279,0,633049,0,264833,401836,0,0,449948,2025,온대,소형차,일반 차량,2293493,CV,20.0,소형차,소형차,소형차
아시아,37112,0,40240,34042,0,129747,0,54187,82377,0,0,91939,2025,온대,소형차,일반 차량,469644,NX4m,20.0,소형차,소형차,소형차
아시아,594533,0,636297,540696,0,2062829,0,862828,1309175,0,0,1465856,2025,온대,전기차,일반 차량,7472214,Santa Fe HEV,20.0,전기차,전기차,전기차
아시아,348884,0,373277,317508,0,1210192,0,506059,767862,0,0,859888,2025,온대,전기차,일반 차량,4383670,Ioniq5,20.0,전기차,전기차,전기차
아시아,264049,0,282689,240297,0,916911,0,383366,581837,0,0,651744,2025,온대,소형차,일반 차량,3320893,PV,20.0,소형차,소형차,소형차
아시아,498252,0,533468,453551,0,1729778,0,723360,1097737,0,0,1229436,2025,온대,소형차,일반 차량,6265582,Stargazer,20.0,소형차,소형차,소형차
아시아,176785,0,189140,161061,0,613816,0,256629,389365,0,0,436185,2025,온대,소형차,일반 차량,2222981,Kusto,20.0,소형차,소형차,소형차
중남미,31347,16185,44653,45368,44287,51868,47541,36348,40684,56561,44287,46817,2021,열대,SUV,일반 차량,505946,Bayon,20.0,SUV,SUV,SUV
중남미,15952,7975,23135,23135,22734,26692,24340,18305,21117,28701,22734,24340,2021,열대,소형차,일반 차량,259160,HTBC,20.0,소형차,소형차,소형차
중남미,235213,123782,338413,343322,333505,390944,358299,275367,307622,425489,336569,353073,2021,열대,소형차,일반 차량,3821598,Kusto,20.0,소형차,소형차,소형차
중남미,9091,4666,13157,13812,13157,15364,14117,10949,12206,16927,13157,14117,2021,열대,SUV,일반 차량,150720,Palisade,20.0,SUV,SUV,SUV
중남미,216706,113803,311220,315989,306723,359728,329697,253453,283154,391431,309811,324935,2021,열대,상업용차,일반 차량,3516650,Mighty,20.0,상업용차,상업용차,상업용차
중남미,67249,35294,97038,98443,95690,111937,102866,78849,87969,121865,96227,100924,2021,열대,소형차,일반 차량,1094351,PV,20.0,소형차,소형차,소형차
중남미,297598,156265,427075,433833,421397,494026,452480,348180,388617,537279,425065,445995,2021,열대,상업용차,일반 차량,4827810,Porter,20.0,상업용차,상업용차,상업용차
중남미,156217,82100,224606,228036,221124,259601,238060,182912,204188,282592,223431,234355,2021,열대,소형차,일반 차량,2537222,i20 N,20.0,소형차,소형차,소형차
중남미,107490,56270,154704,156839,152289,178561,163805,125978,140728,194363,153886,161124,2021,열대,전기차,일반 차량,1746037,Ioniq5,20.0,전기차,전기차,전기차
중남미,143760,136897,112406,175159,165701,172200,142146,119268,136585,154883,169909,170587,2022,열대,상업용차,일반 차량,1799501,Truck,20.0,상업용차,상업용차,상업용차
중남미,74646,71218,58175,91068,85618,89378,73582,61604,70543,80439,87971,88314,2022,열대,전기차,일반 차량,932556,IONIQ5,20.0,전기차,전기차,전기차
중남미,289235,275434,226128,352767,332614,346869,285279,239695,274101,311591,341815,343148,2022,열대,SUV,일반 차량,3618676,Tucson OB,20.0,SUV,SUV,SUV
중남미,301231,286900,235394,367558,346425,361247,297378,249731,285693,324562,355912,357387,2022,열대,상업용차,일반 차량,3769418,Mighty,20.0,상업용차,상업용차,상업용차
중남미,310977,296031,243081,379575,357491,372785,306899,257682,294712,334782,367042,368706,2022,열대,소형차,일반 차량,3889763,Elantra,20.0,소형차,소형차,소형차
중남미,66091,63111,51528,80687,76085,79063,65021,54506,62599,70970,77988,78507,2022,열대,소형차,일반 차량,826156,Exter,20.0,소형차,소형차,소형차
중남미,127597,121475,99629,155387,146490,152797,125738,105568,120920,137408,150570,151300,2022,열대,소형차,일반 차량,1594879,Stargazer,20.0,소형차,소형차,소형차
중남미,84232,80082,65930,102814,96964,101115,83286,70081,79846,91072,99653,100126,2022,열대,소형차,일반 차량,1055201,GV70,20.0,소형차,소형차,소형차
중남미,20459,19371,16032,25207,23528,24346,19920,16893,19371,21859,24075,24346,2022,열대,소형차,일반 차량,255407,PV,20.0,소형차,소형차,소형차
중남미,141174,184885,179907,209007,155538,200943,170520,174105,147799,182415,133687,164964,2023,열대,소형차,일반 차량,2044944,CV,20.0,소형차,소형차,소형차
중남미,65329,85421,83021,96602,72095,92877,78869,80193,68157,84352,61818,76255,2023,열대,소형차,일반 차량,944989,PV,20.0,소형차,소형차,소형차
중남미,26318,34293,33517,38729,29136,37408,31715,32500,27343,34053,25005,30697,2023,열대,상업용차,일반 차량,380714,Porter,20.0,상업용차,상업용차,상업용차
중남미,257275,336467,327384,380508,283837,366024,310646,317077,268860,331807,243769,300575,2023,열대,SUV,일반 차량,3724229,Bayon,20.0,SUV,SUV,SUV
중남미,54068,70952,69077,80164,59809,77324,65209,66805,56627,69707,51228,62991,2023,열대,소형차,일반 차량,783961,Accent,20.0,소형차,소형차,소형차
중남미,30325,39718,38774,45063,33472,43493,36887,37203,31585,39401,28754,35670,2023,열대,소형차,일반 차량,440345,Exter,20.0,소형차,소형차,소형차
중남미,108995,142528,138740,161508,120254,155260,131513,134512,114013,140509,103240,127285,2023,열대,전기차,일반 차량,1578357,Ioniq5,20.0,전기차,전기차,전기차
중남미,538501,704246,685074,796297,593930,765591,650154,663342,562364,694478,510413,628852,2023,열대,전기차,일반 차량,7793242,Santa Fe HEV,20.0,전기차,전기차,전기차
중남미,271341,354853,345129,401202,299262,386001,327413,334168,283316,350079,257156,316715,2023,열대,전기차,일반 차량,3926635,IONIQ6,20.0,전기차,전기차,전기차
중남미,13508,17420,17151,19866,14705,18946,16223,16552,13839,17420,12642,15633,2023,열대,소형차,일반 차량,193905,i20,20.0,소형차,소형차,소형차
중남미,114196,100956,115233,110199,81377,106510,90109,94616,130558,103867,82730,134247,2024,열대,SUV,일반 차량,1264598,Santa Fe,20.0,SUV,SUV,SUV
중남미,1010638,890670,1017508,972640,718011,938653,797494,835493,1151535,918996,730164,1185786,2024,열대,소형차,일반 차량,11167588,i20,20.0,소형차,소형차,소형차
중남미,0,0,0,0,0,0,0,0,0,0,0,0,2024,열대,상업용차,일반 차량,0,Mighty,20.0,상업용차,상업용차,상업용차
중남미,36227,31925,36489,34696,25575,33457,28639,29877,41308,32949,26336,42324,2024,열대,SUV,일반 차량,399802,Palisade,20.0,SUV,SUV,SUV
중남미,88667,78437,89174,85531,62957,82387,70042,73179,101269,80817,64019,104155,2024,열대,SUV,일반 차량,980634,Tucson OB,20.0,SUV,SUV,SUV
중남미,434298,382709,437298,417716,308737,403432,342612,358948,494895,394903,313798,509431,2024,열대,소형차,일반 차량,4798777,i10,20.0,소형차,소형차,소형차
중남미,11902,10466,11902,11666,8545,10945,9510,9745,13580,10945,8545,14065,2024,열대,상업용차,일반 차량,131816,Porter,20.0,상업용차,상업용차,상업용차
중남미,1751,1751,1751,1751,1447,1751,1447,1447,2046,1751,1447,2046,2024,열대,소형차,일반 차량,20386,Santa-Fe,20.0,소형차,소형차,소형차
중남미,11722,10437,11722,11401,8551,11079,9193,9844,13288,10437,8551,13938,2024,열대,전기차,일반 차량,130163,Santa Fe HEV,20.0,전기차,전기차,전기차
중남미,20445,17924,20445,19514,14156,18538,15702,16686,23282,18232,14473,23588,2024,열대,전기차,일반 차량,222985,GV70 EV,20.0,전기차,전기차,전기차
중남미,159994,873139,0,1130896,901670,637455,816522,435611,728681,384686,1417127,591452,2025,열대,소형차,일반 차량,8077233,PV,20.0,소형차,소형차,소형차
중남미,19325,105406,0,136528,108850,76945,98771,52458,87757,46312,171094,71337,2025,열대,SUV,일반 차량,974783,Tucson OB,20.0,SUV,SUV,SUV
중남미,90657,494197,0,640327,510098,360469,462440,246892,412434,217436,802019,334920,2025,열대,SUV,일반 차량,4571889,Palisade,20.0,SUV,SUV,SUV
중남미,264997,1446352,0,1873597,1493763,1056064,1353275,721938,1207558,637319,2347235,979722,2025,열대,소형차,일반 차량,13381820,i10,20.0,소형차,소형차,소형차
중남미,199943,1090104,0,1411965,1126035,795740,1019674,543995,910175,480622,1768982,738024,2025,열대,소형차,일반 차량,10085259,Venue,20.0,소형차,소형차,소형차
중남미,77602,424464,0,550055,438662,310133,397075,212231,354596,187073,688900,287560,2025,열대,상업용차,일반 차량,3928351,Truck,20.0,상업용차,상업용차,상업용차
중남미,188595,1029075,0,1333435,1063077,751343,962618,513735,859128,453766,1669899,697152,2025,열대,소형차,일반 차량,9521823,Elantra,20.0,소형차,소형차,소형차
중남미,326023,1778378,0,2303583,1836610,1298528,1663732,887920,1484810,783711,2885974,1204707,2025,열대,소형차,일반 차량,16453976,HTBC,20.0,소형차,소형차,소형차
중남미,92968,508402,0,658721,525361,371396,475845,253937,424803,223972,825402,344607,2025,열대,SUV,일반 차량,4705414,Santa Fe,20.0,SUV,SUV,SUV
중남미,6826,36652,0,47367,38152,26693,33987,18293,30510,16032,59585,24781,2025,열대,전기차,일반 차량,338878,GV70 EV,20.0,전기차,전기차,전기차
중남미,35553,194170,0,251642,200509,141720,181788,96677,162260,85619,315399,131471,2025,열대,전기차,일반 차량,1796808,Santa Fe HEV,20.0,전기차,전기차,전기차
중남미,97172,531347,0,687926,548654,387787,496991,264948,443507,234054,862008,359731,2025,열대,SUV,일반 차량,4914125,Tucson,20.0,SUV,SUV,SUV
중동·아프리카,378889,310851,321582,265739,260685,284335,363836,297932,376392,549768,504594,641401,2021,건조,소형차,일반 차량,4556004,Exter,20.0,소형차,소형차,소형차
중동·아프리카,623844,512052,529958,436923,428533,467783,599267,490706,619677,905179,830845,1056214,2021,건조,소형차,일반 차량,7500981,GV70,20.0,소형차,소형차,소형차
중동·아프리카,14704,11691,12076,10161,9783,10544,13608,10929,13993,20771,18856,24539,2021,건조,상업용차,일반 차량,171655,Porter,20.0,상업용차,상업용차,상업용차
중동·아프리카,486446,399064,413198,341136,334392,365033,467539,382565,483471,705980,648060,823429,2021,건조,소형차,일반 차량,5850313,i20 N,20.0,소형차,소형차,소형차
중동·아프리카,468203,384322,397926,328370,321991,351414,450199,368533,465564,679562,624040,792835,2021,건조,전기차,일반 차량,5632959,IONIQ5,20.0,전기차,전기차,전기차
중동·아프리카,220760,181178,187157,154838,151821,165506,212142,173474,219468,320724,294386,373991,2021,건조,소형차,일반 차량,2655445,i20,20.0,소형차,소형차,소형차
중동·아프리카,152180,125026,129289,106633,104664,114263,146237,119649,151340,220946,202829,257739,2021,건조,전기차,일반 차량,1830795,Santa Fe HEV,20.0,전기차,전기차,전기차
중동·아프리카,80467,66007,68321,56655,55276,60619,77445,63198,79982,116881,107308,136465,2021,건조,소형차,일반 차량,968624,PV,20.0,소형차,소형차,소형차
중동·아프리카,206960,169531,175729,145054,142388,155380,198744,162737,205800,300442,275963,350610,2021,건조,SUV,일반 차량,2489338,Tucson,20.0,SUV,SUV,SUV
중동·아프리카,18716,15287,15709,13403,12632,13753,17593,14937,18716,27158,24861,31768,2021,건조,상업용차,일반 차량,224533,Mighty,20.0,상업용차,상업용차,상업용차
중동·아프리카,552855,453643,469629,387763,380304,415248,531249,434964,549666,802473,736584,936350,2021,건조,소형차,일반 차량,6650728,i10,20.0,소형차,소형차,소형차
중동·아프리카,12006,9840,10140,8267,8267,8908,11372,9499,12006,17525,15993,20281,2021,건조,SUV,일반 차량,144104,Tucson OB,20.0,SUV,SUV,SUV
중동·아프리카,359856,383650,338226,376150,352357,424062,453812,267792,365183,368617,425324,572833,2022,건조,SUV,일반 차량,4687862,Santa Fe,20.0,SUV,SUV,SUV
중동·아프리카,957613,1021872,900065,1000943,938215,1128167,1207301,712817,971550,981545,1132108,1524467,2022,건조,소형차,일반 차량,12476663,Exter,20.0,소형차,소형차,소형차
중동·아프리카,152698,162794,143343,159308,149553,179845,192393,113393,154807,156174,180187,243163,2022,건조,소형차,일반 차량,1987658,CV,20.0,소형차,소형차,소형차
중동·아프리카,67177,71464,62892,70200,65651,78985,84543,49813,67925,68927,79248,106933,2022,건조,소형차,일반 차량,873758,i10,20.0,소형차,소형차,소형차
중동·아프리카,88729,94571,83218,92331,86772,104337,111815,65643,89713,90696,104668,141073,2022,건조,소형차,일반 차량,1153566,NX4m,20.0,소형차,소형차,소형차
중동·아프리카,222313,237399,208975,232479,217736,261914,280163,165139,225475,227901,262994,354179,2022,건조,소형차,일반 차량,2896667,i20,20.0,소형차,소형차,소형차
중동·아프리카,137804,146868,129697,143978,135165,162435,173808,102755,139727,141341,163073,219535,2022,건조,전기차,일반 차량,1796186,Ioniq5,20.0,전기차,전기차,전기차
중동·아프리카,1130360,1206055,1062014,1181271,1107229,1331264,1424648,840676,1146147,1158686,1335912,1798720,2022,건조,전기차,일반 차량,14722982,GV70 EV,20.0,전기차,전기차,전기차
중동·아프리카,72189,70302,88443,76346,62974,61367,65193,61367,41330,56931,45777,57874,2023,건조,소형차,일반 차량,760093,i10,20.0,소형차,소형차,소형차
중동·아프리카,136117,132402,166866,144313,119288,116555,123002,116288,77838,107872,87010,109083,2023,건조,SUV,일반 차량,1436634,Bayon,20.0,SUV,SUV,SUV
중동·아프리카,8530,7972,10161,8787,7414,7156,7414,7156,4926,6599,5226,6599,2023,건조,상업용차,일반 차량,87940,Porter,20.0,상업용차,상업용차,상업용차
중동·아프리카,248204,241302,304017,263095,217093,212311,223995,211520,141904,196877,158370,198748,2023,건조,소형차,일반 차량,2617436,i20 N,20.0,소형차,소형차,소형차
중동·아프리카,969194,941039,1185830,1026485,847257,827759,874454,825830,553844,767302,617871,775629,2023,건조,소형차,일반 차량,10212494,NX4m,20.0,소형차,소형차,소형차
중동·아프리카,297021,288724,363574,314725,259431,253702,268123,252978,169831,235274,189716,237381,2023,건조,SUV,일반 차량,3130480,Santa Fe,20.0,SUV,SUV,SUV
중동·아프리카,97582,94897,119723,103278,85608,83491,88293,83207,55972,77228,62242,78120,2023,건조,소형차,일반 차량,1029641,GV70,20.0,소형차,소형차,소형차
중동·아프리카,704998,684906,862418,746425,616355,602051,636155,600864,402862,558185,449451,563971,2023,건조,전기차,일반 차량,7428641,GV70 EV,20.0,전기차,전기차,전기차
중동·아프리카,642560,624036,786447,680590,562007,549007,579784,547976,367563,508967,410086,514441,2023,건조,소형차,일반 차량,6773464,Accent,20.0,소형차,소형차,소형차
중동·아프리카,107216,104130,131391,113661,93556,91520,96642,91520,61251,84725,68397,85766,2023,건조,상업용차,일반 차량,1129775,Mighty,20.0,상업용차,상업용차,상업용차
중동·아프리카,777070,755024,951150,823078,679655,664304,701701,662386,444579,615445,495675,622185,2023,건조,전기차,일반 차량,8192252,Santa-Fe HEV,20.0,전기차,전기차,전기차
중동·아프리카,676232,486495,605897,694727,700079,709745,745700,470406,569941,695515,653671,624975,2024,건조,소형차,일반 차량,7633383,GV70,20.0,소형차,소형차,소형차
중동·아프리카,23406,16854,21130,24165,24406,24645,26164,16335,19896,24165,22888,21889,2024,건조,SUV,일반 차량,265943,Santa Fe,20.0,SUV,SUV,SUV
중동·아프리카,458014,329579,410547,470541,474107,480908,505159,318931,385726,470822,442443,423347,2024,건조,상업용차,일반 차량,5170124,Mighty,20.0,상업용차,상업용차,상업용차
중동·아프리카,170326,122590,152574,174753,176334,178917,187815,118644,143721,175277,164581,157525,2024,건조,소형차,일반 차량,1923057,Creta,20.0,소형차,소형차,소형차
중동·아프리카,572511,411913,512850,587869,592355,600625,631047,398382,482078,588635,553018,528974,2024,건조,소형차,일반 차량,6460257,i20 N,20.0,소형차,소형차,소형차
중동·아프리카,84880,60989,75819,87074,87626,89269,93388,59065,71422,87346,82133,78566,2024,건조,상업용차,일반 차량,957577,Porter,20.0,상업용차,상업용차,상업용차
중동·아프리카,460471,331165,412360,473134,476328,483237,507420,320223,387599,473447,444917,425608,2024,건조,소형차,일반 차량,5195909,BHMC,20.0,소형차,소형차,소형차
중동·아프리카,361884,260255,324371,371666,374754,379768,399098,251585,304750,371954,349825,334741,2024,건조,전기차,일반 차량,4084651,GV70 EV,20.0,전기차,전기차,전기차
중동·아프리카,61703,44122,55210,63349,63866,64691,68227,42742,51948,63349,59813,56826,2024,건조,SUV,일반 차량,695846,Tucson OB,20.0,SUV,SUV,SUV
중동·아프리카,41008,29373,36701,42021,42393,42708,45049,28361,34685,42021,39365,37713,2024,건조,소형차,일반 차량,461398,Elantra,20.0,소형차,소형차,소형차
중동·아프리카,526463,378789,471678,540762,544653,552368,580057,365948,443398,541037,508598,486576,2024,건조,소형차,일반 차량,5940327,Stargazer,20.0,소형차,소형차,소형차
중동·아프리카,4527,11937,5664,15342,3089,13076,0,13076,12506,13636,7363,15604,2025,건조,소형차,일반 차량,115820,HB20,20.0,소형차,소형차,소형차
중동·아프리카,517402,1303290,640599,1649614,348026,1410102,0,1406395,1314168,1464572,788229,1686724,2025,건조,소형차,일반 차량,12529121,Santa-Fe,20.0,소형차,소형차,소형차
중동·아프리카,98805,249129,122604,315490,66360,269677,0,268760,251519,280100,150879,322660,2025,건조,소형차,일반 차량,2395983,CV,20.0,소형차,소형차,소형차
중동·아프리카,522713,1317300,647458,1667220,351475,1425370,0,1421085,1328126,1480442,796826,1704677,2025,건조,소형차,일반 차량,12662692,HTBC,20.0,소형차,소형차,소형차
중동·아프리카,1070203,2696479,1325189,3412955,719696,2917769,0,2908924,2718774,3030034,1630517,3489521,2025,건조,소형차,일반 차량,25920061,PV,20.0,소형차,소형차,소형차
중동·아프리카,53807,135098,66186,171365,35935,146638,0,145801,136465,151846,81531,175207,2025,건조,소형차,일반 차량,1299879,Exter,20.0,소형차,소형차,소형차
중동·아프리카,126380,318897,156741,403596,84908,344958,0,343889,321238,358246,192899,412577,2025,건조,전기차,일반 차량,3064329,Santa Fe HEV,20.0,전기차,전기차,전기차
중동·아프리카,282,635,282,978,282,635,0,635,635,978,282,978,2025,건조,전기차,일반 차량,6602,Ioniq5,20.0,전기차,전기차,전기차
중동·아프리카,263502,663436,325823,839532,176946,717626,0,715780,668882,745453,401168,858277,2025,건조,SUV,일반 차량,6376425,Tucson,20.0,SUV,SUV,SUV
중동·아프리카,270692,682782,335753,864186,181986,738992,0,736559,688216,767272,412949,883624,2025,건조,전기차,일반 차량,6563011,IONIQ5,20.0,전기차,전기차,전기차
중동·아프리카,66556,167816,82530,212536,44718,181566,0,181077,169310,188718,101458,217471,2025,건조,소형차,일반 차량,1613756,NX4m,20.0,소형차,소형차,소형차
